{"cameraMode":{"drawMode":0,"name":"Shaded","section":"Shading Mode"},"sceneLighting":false,"audioPlay":false,"sceneViewState":{"m_AlwaysRefresh":false,"showFog":true,"showSkybox":false,"showFlares":true,"showImageEffects":true,"showParticleSystems":true,"showVisualEffectGraphs":true,"m_FxEnabled":false},"in2DMode":false,"pivot":{"x":0.31241294741630556,"y":-2.5886714458465578,"z":-1.6172503232955933},"rotation":{"x":-0.007399066351354122,"y":-0.9176936149597168,"z":0.39701274037361147,"w":-0.017039254307746888},"size":4.961687088012695,"orthographic":false}