{"cameraMode":{"drawMode":0,"name":"Shaded","section":"Shading Mode"},"sceneLighting":false,"audioPlay":false,"sceneViewState":{"m_AlwaysRefresh":false,"showFog":true,"showSkybox":false,"showFlares":true,"showImageEffects":true,"showParticleSystems":true,"showVisualEffectGraphs":true,"m_FxEnabled":false},"in2DMode":false,"pivot":{"x":-0.45731058716773989,"y":-0.13708771765232087,"z":-0.8641937971115112},"rotation":{"x":-0.4527353346347809,"y":0.005573298782110214,"z":-0.0028980409260839226,"w":-0.8916957974433899},"size":3.1282267570495607,"orthographic":false}