{"cameraMode":{"drawMode":0,"name":"Shaded","section":"Shading Mode"},"sceneLighting":false,"audioPlay":false,"sceneViewState":{"m_AlwaysRefresh":false,"showFog":true,"showSkybox":false,"showFlares":true,"showImageEffects":true,"showParticleSystems":true,"showVisualEffectGraphs":true,"m_FxEnabled":false},"in2DMode":false,"pivot":{"x":0.44932088255882265,"y":0.6732943058013916,"z":-0.01066451333463192},"rotation":{"x":0.0677664503455162,"y":-0.006235990673303604,"z":0.0004644119762815535,"w":0.9978435039520264},"size":0.4304085373878479,"orthographic":false}