{"cameraMode":{"drawMode":0,"name":"Shaded","section":"Shading Mode"},"sceneLighting":false,"audioPlay":false,"sceneViewState":{"m_AlwaysRefresh":false,"showFog":true,"showSkybox":false,"showFlares":true,"showImageEffects":true,"showParticleSystems":true,"showVisualEffectGraphs":true,"m_FxEnabled":false},"in2DMode":false,"pivot":{"x":0.24670153856277467,"y":0.6514862179756165,"z":-1.0425993204116822},"rotation":{"x":0.2071620523929596,"y":0.03937726095318794,"z":-0.008304854854941368,"w":0.9776437878608704},"size":0.4304085373878479,"orthographic":false}