{"cameraMode":{"drawMode":0,"name":"Shaded","section":"Shading Mode"},"sceneLighting":false,"audioPlay":false,"sceneViewState":{"m_AlwaysRefresh":false,"showFog":true,"showSkybox":false,"showFlares":true,"showImageEffects":true,"showParticleSystems":true,"showVisualEffectGraphs":true,"m_FxEnabled":false},"in2DMode":false,"pivot":{"x":-0.006077468395233154,"y":0.2499999850988388,"z":-5.0103302001953129},"rotation":{"x":0.19090761244297028,"y":0.13188298046588899,"z":-0.025693736970424653,"w":0.9725329875946045},"size":0.7059131264686585,"orthographic":false}