{"cameraMode":{"drawMode":0,"name":"Shaded","section":"Shading Mode"},"sceneLighting":false,"audioPlay":false,"sceneViewState":{"m_AlwaysRefresh":false,"showFog":true,"showSkybox":false,"showFlares":true,"showImageEffects":true,"showParticleSystems":true,"showVisualEffectGraphs":true,"m_FxEnabled":false},"in2DMode":false,"pivot":{"x":0.7036838531494141,"y":-0.8367376327514648,"z":-0.025809288024902345},"rotation":{"x":0.1937788873910904,"y":-0.7947057485580444,"z":0.4866952896118164,"w":0.30676722526550295},"size":3.442203998565674,"orthographic":false}