{"cameraMode":{"drawMode":0,"name":"Shaded","section":"Shading Mode"},"sceneLighting":false,"audioPlay":false,"sceneViewState":{"m_AlwaysRefresh":false,"showFog":true,"showSkybox":false,"showFlares":true,"showImageEffects":true,"showParticleSystems":true,"showVisualEffectGraphs":true,"m_FxEnabled":false},"in2DMode":false,"pivot":{"x":-0.10774658620357514,"y":0.004291234537959099,"z":-5.953444480895996},"rotation":{"x":0.22605258226394654,"y":0.4119011461734772,"z":-0.10602151602506638,"w":0.8765360116958618},"size":0.6305968165397644,"orthographic":false}