{"cameraMode":{"drawMode":0,"name":"Shaded","section":"Shading Mode"},"sceneLighting":false,"audioPlay":false,"sceneViewState":{"m_AlwaysRefresh":false,"showFog":true,"showSkybox":false,"showFlares":true,"showImageEffects":true,"showParticleSystems":true,"showVisualEffectGraphs":true,"m_FxEnabled":false},"in2DMode":false,"pivot":{"x":-13.331971168518067,"y":8.781009674072266,"z":-52.8327751159668},"rotation":{"x":0.0007345627527683973,"y":0.9064427614212036,"z":-0.42219191789627077,"w":0.012689566239714623},"size":4.966085433959961,"orthographic":false}