{"cameraMode":{"drawMode":0,"name":"Shaded","section":"Shading Mode"},"sceneLighting":false,"audioPlay":false,"sceneViewState":{"m_AlwaysRefresh":false,"showFog":true,"showSkybox":false,"showFlares":true,"showImageEffects":true,"showParticleSystems":true,"showVisualEffectGraphs":true,"m_FxEnabled":false},"in2DMode":false,"pivot":{"x":-0.030589435249567033,"y":-0.40103673934936526,"z":-0.9298691749572754},"rotation":{"x":0.3823278248310089,"y":0.00281199486926198,"z":-0.006237448193132877,"w":0.9240419268608093},"size":2.8662381172180177,"orthographic":false}