{"cameraMode":{"drawMode":0,"name":"Shaded","section":"Shading Mode"},"sceneLighting":false,"audioPlay":false,"sceneViewState":{"m_AlwaysRefresh":false,"showFog":true,"showSkybox":false,"showFlares":true,"showImageEffects":true,"showParticleSystems":true,"showVisualEffectGraphs":true,"m_FxEnabled":false},"in2DMode":false,"pivot":{"x":0.014891654253005982,"y":0.27049997448921206,"z":-7.006886959075928},"rotation":{"x":0.1659051924943924,"y":0.044151511043310168,"z":-0.007238022051751614,"w":0.9852877855300903},"size":0.6769552826881409,"orthographic":false}