{"cameraMode":{"drawMode":0,"name":"Shaded","section":"Shading Mode"},"sceneLighting":false,"audioPlay":false,"sceneViewState":{"m_AlwaysRefresh":false,"showFog":true,"showSkybox":false,"showFlares":true,"showImageEffects":true,"showParticleSystems":true,"showVisualEffectGraphs":true,"m_FxEnabled":false},"in2DMode":false,"pivot":{"x":0.6893439292907715,"y":-1.927858829498291,"z":0.3630204200744629},"rotation":{"x":0.40705135464668276,"y":0.21942445635795594,"z":-0.10681263357400894,"w":0.8802286386489868},"size":4.968045711517334,"orthographic":false}