{"cameraMode":{"drawMode":0,"name":"Shaded","section":"Shading Mode"},"sceneLighting":false,"audioPlay":false,"sceneViewState":{"m_AlwaysRefresh":false,"showFog":true,"showSkybox":false,"showFlares":true,"showImageEffects":true,"showParticleSystems":true,"showVisualEffectGraphs":true,"m_FxEnabled":false},"in2DMode":false,"pivot":{"x":0.8488601446151733,"y":-0.03366813063621521,"z":0.10760880261659622},"rotation":{"x":0.27365830540657046,"y":-0.7134623527526856,"z":0.3528236150741577,"w":0.5400550365447998},"size":3.7980878353118898,"orthographic":false}