{"cameraMode":{"drawMode":0,"name":"Shaded","section":"Shading Mode"},"sceneLighting":false,"audioPlay":false,"sceneViewState":{"m_AlwaysRefresh":false,"showFog":true,"showSkybox":false,"showFlares":true,"showImageEffects":true,"showParticleSystems":true,"showVisualEffectGraphs":true,"m_FxEnabled":false},"in2DMode":false,"pivot":{"x":-0.0813068300485611,"y":0.3999999761581421,"z":-1.9331159591674805},"rotation":{"x":0.1659051924943924,"y":0.044151511043310168,"z":-0.007238022051751614,"w":0.9852877855300903},"size":0.6370324492454529,"orthographic":false}