{"cameraMode":{"drawMode":0,"name":"Shaded","section":"Shading Mode"},"sceneLighting":false,"audioPlay":false,"sceneViewState":{"m_AlwaysRefresh":false,"showFog":true,"showSkybox":false,"showFlares":true,"showImageEffects":true,"showParticleSystems":true,"showVisualEffectGraphs":true,"m_FxEnabled":false},"in2DMode":false,"pivot":{"x":-0.1394064873456955,"y":0.4901072680950165,"z":-2.0090572834014894},"rotation":{"x":-0.423143595457077,"y":-0.028881492093205453,"z":0.01866868883371353,"w":-0.9054479002952576},"size":3.6044020652770998,"orthographic":false}