{"cameraMode":{"drawMode":0,"name":"Shaded","section":"Shading Mode"},"sceneLighting":false,"audioPlay":false,"sceneViewState":{"m_AlwaysRefresh":false,"showFog":true,"showSkybox":false,"showFlares":true,"showImageEffects":true,"showParticleSystems":true,"showVisualEffectGraphs":true,"m_FxEnabled":false},"in2DMode":false,"pivot":{"x":-1.303405523300171,"y":1.4891202449798585,"z":2.3916096687316896},"rotation":{"x":-0.045136578381061557,"y":-0.9450709819793701,"z":0.28800758719444277,"w":-0.1480415165424347},"size":3.9318790435791017,"orthographic":false}