{"cameraMode":{"drawMode":0,"name":"Shaded","section":"Shading Mode"},"sceneLighting":false,"audioPlay":false,"sceneViewState":{"m_AlwaysRefresh":false,"showFog":true,"showSkybox":false,"showFlares":true,"showImageEffects":true,"showParticleSystems":true,"showVisualEffectGraphs":true,"m_FxEnabled":false},"in2DMode":false,"pivot":{"x":-0.20360088348388673,"y":0.8046880960464478,"z":-0.21974089741706849},"rotation":{"x":-0.05128632113337517,"y":0.9089138507843018,"z":-0.11832914501428604,"w":-0.3968498706817627},"size":0.08137985318899155,"orthographic":false}