{"cameraMode":{"drawMode":0,"name":"Shaded","section":"Shading Mode"},"sceneLighting":false,"audioPlay":false,"sceneViewState":{"m_AlwaysRefresh":false,"showFog":true,"showSkybox":false,"showFlares":true,"showImageEffects":true,"showParticleSystems":true,"showVisualEffectGraphs":true,"m_FxEnabled":false},"in2DMode":false,"pivot":{"x":-0.965463399887085,"y":2.4098494052886965,"z":0.17871561646461488},"rotation":{"x":-0.03712976351380348,"y":0.8806167244911194,"z":-0.4672752320766449,"w":-0.07092711329460144},"size":0.08137985318899155,"orthographic":false}