{"cameraMode":{"drawMode":0,"name":"Shaded","section":"Shading Mode"},"sceneLighting":false,"audioPlay":false,"sceneViewState":{"m_AlwaysRefresh":false,"showFog":true,"showSkybox":false,"showFlares":true,"showImageEffects":true,"showParticleSystems":true,"showVisualEffectGraphs":true,"m_FxEnabled":false},"in2DMode":false,"pivot":{"x":-0.24000462889671327,"y":0.5551891922950745,"z":-4.007028102874756},"rotation":{"x":0.19090761244297028,"y":0.13188298046588899,"z":-0.025693736970424653,"w":0.9725329875946045},"size":0.7443912625312805,"orthographic":false}