{"cameraMode":{"drawMode":0,"name":"Shaded","section":"Shading Mode"},"sceneLighting":false,"audioPlay":false,"sceneViewState":{"m_AlwaysRefresh":false,"showFog":true,"showSkybox":false,"showFlares":true,"showImageEffects":true,"showParticleSystems":true,"showVisualEffectGraphs":true,"m_FxEnabled":false},"in2DMode":false,"pivot":{"x":0.01962015964090824,"y":0.5640909075737,"z":0.2447047233581543},"rotation":{"x":0.20289887487888337,"y":0.015950748696923257,"z":-0.0031112038996070625,"w":0.9792274832725525},"size":1.2276320457458497,"orthographic":false}