{"cameraMode":{"drawMode":0,"name":"Shaded","section":"Shading Mode"},"sceneLighting":false,"audioPlay":false,"sceneViewState":{"m_AlwaysRefresh":false,"showFog":true,"showSkybox":false,"showFlares":true,"showImageEffects":true,"showParticleSystems":true,"showVisualEffectGraphs":true,"m_FxEnabled":false},"in2DMode":false,"pivot":{"x":0.020468443632125856,"y":0.030618585646152498,"z":0.6873958706855774},"rotation":{"x":0.01227318961173296,"y":-0.054224658757448199,"z":0.0010214451467618347,"w":0.9986142516136169},"size":1.2276320457458497,"orthographic":false}